{
  "version": 1,
  "author": "Anonymous maker",
  "editor": "wokwi",
  "parts": [
    { "type": "board-esp32-devkit-c-v4", "id": "esp", "top": 0, "left": 0, "attrs": {} },
    { "type": "wokwi-led", "id": "led1", "top": 15.6, "left": -73, "attrs": { "color": "red" } },
    {
      "type": "wokwi-led",
      "id": "led2",
      "top": 73.2,
      "left": -92.2,
      "attrs": { "color": "yellow" }
    },
    {
      "type": "wokwi-led",
      "id": "led3",
      "top": 140.4,
      "left": -121,
      "attrs": { "color": "green" }
    }
  ],
  "connections": [
    [ "esp:TX", "$serialMonitor:RX", "", [] ],
    [ "esp:RX", "$serialMonitor:TX", "", [] ],
    [ "led1:A", "esp:34", "green", [ "v0" ] ],
    [ "led2:A", "esp:33", "green", [ "h28.8", "v-19.2" ] ],
    [ "led3:A", "esp:27", "green", [ "v0" ] ],
    [ "led3:C", "esp:GND.1", "green", [ "v-28.8", "h58" ] ],
    [ "led2:C", "esp:GND.1", "green", [ "v0" ] ],
    [ "led1:C", "esp:GND.1", "green", [ "v0" ] ]
  ],
  "dependencies": {}
}